skill,code,description,type,before,after
bmad-agent-sre,II,Incident / alert investigation — full workflow with SLO analysis and root-cause report,agent,,
bmad-agent-sre,HC,Health check — current SLO metrics and active incident status for a service,agent,,
bmad-agent-sre,KG,AppReferential knowledge graph query — products / components / clusters / teams,agent,,
bmad-agent-sre,BR,Blast-radius analysis — map dependency failure impact for any product or cluster,agent,,
bmad-agent-sre,SLO,SLO lookup — compliance status and error budget for any service,agent,,
bmad-agent-sre,SLOC,SLO creation — author or validate a new SLI YAML file,agent,,
bmad-agent-sre,APM,APM / trace analysis — error rates / p99 latency / service maps / failing traces,agent,,
bmad-agent-sre,MON,Monitor management — search / parse alert titles / mute or create monitors,agent,,
bmad-agent-sre,DEPLOY,Deploy correlation — recent deployments / PRs / CI failures around an incident,agent,,
agent-sre,,Copilot CLI orchestrator — routes to specialized sub-agents,copilot-agent,,
agent-incident,,Copilot CLI — incident triage / health checks / SLO analysis / alert parsing,copilot-agent,,
agent-audit,,Copilot CLI — security/compliance / Datadog Audit Trail investigation,copilot-agent,,
agent-github-investigator,,Copilot CLI — deploy correlation / PR analysis / CI failures / SLI YAML discovery,copilot-agent,,
agent-knowledge-graph,,Copilot CLI — AppReferential ownership / blast radius / team structure,copilot-agent,,
